x,y,z
0.0,0.0,0.0
0.017944781667999874,0.0009443737846488838,1.0705123731623005e-05
0.035711132289943034,0.0036473081809742453,8.264058560831991e-05
0.05317207028433639,0.007902178703186593,0.00026802464346398284
0.0702485673147368,0.013500115149211452,0.0006077201335817076
0.08690451388881645,0.020236577631217945,0.0011307269176788505
0.10313858111799408,0.027915901093537178,0.001855047012668629
0.11898102101975666,0.03636049864004311,0.0027841788889153207
0.13447616377786803,0.04541139126063382,0.003911761376143318
0.1496740322722927,0.054928712094900536,0.005224089048393376
0.16463034207919602,0.06479170643212767,0.006700112224022621
0.179406501470944,0.07489873171129284,0.008311436965704543
0.19406465806618117,0.08516418484148891,0.010027248262256632
0.2086478843448279,0.09552474389651791,0.011814748776093554
0.2231880772441956,0.10594095775656882,0.013638707962713473
0.23770798611118493,0.1163842379250857,0.015476249984535386
0.25222113811317526,0.126836642867855,0.017317119122308815
0.2667318382380247,0.13729087801300546,0.01916367977511378
0.2812351692940701,0.14775029575100823,0.021030916460360836
0.2957169919101268,0.15822889543467683,0.022946433813791037
0.3101539445354892,0.16875132337916704,0.024950456589475947
0.32451315084350424,0.17935224155651786,0.027095567962194388
0.3387452261712626,0.19004697098346868,0.029448422318310383
0.35281732279910283,0.20086594105262484,0.032131586432248276
0.3666941138207457,0.2118352170044759,0.0352826762042399
0.3803252702357205,0.22295564539182658,0.03903845016479959
0.39364546094936526,0.23420285407979669,0.04353480947472414
0.4065743527728264,0.24552725224582111,0.048906797925092824
0.41901661042305904,0.2568540303796498,0.05528860193726739
0.4308618965228269,0.26808316028334805,0.06281355056289206
0.4419848716007021,0.27908939507129593,0.07161411548389357
0.4522452525288573,0.2897222816610859,0.08182170831718831
0.46150072121022967,0.299795300785401,0.09348659790420816
0.46957776981268273,0.3090536050996788,0.10659914762518993
0.4762980616757259,0.31723214247680365,0.12111429596413126
0.4815022509495982,0.32407347433438255,0.13689932591198695
0.48504998259526805,0.32932777563474486,0.1537338649666692
0.4868198923844336,0.33275283488494234,0.17130988513304735
0.486712125310696,0.33411808731899767,0.1892347660968754
0.48470278680443224,0.333286759755053,0.20707879318911218
0.48081489859335746,0.3301679370416603,0.22433253370091624
0.4751306214819907,0.32475299411989506,0.24048166959949938
0.4678061358446981,0.317141582683194,0.2550328770019479
0.45907164162569336,0.30754163117735545,0.2675138261752226
0.44922690963041034,0.2962648327369036,0.2774809072192679
0.4385805351177509,0.2836660995447323,0.28463315432682973
0.4274721872450984,0.27016216516536495,0.288754259092947
0.41623339794873265,0.2561843105212054,0.28973443216850736
0.40517308360753745,0.2421630483249791,0.28759146645766437
0.39457754504300063,0.22852812307973355,0.2824707371178373
0.3847038780501638,0.2156967408141501,0.27463365414527185
0.3757237237584928,0.203975973927939,0.2643704936794645
0.3677558236258568,0.19361376464071894,0.2520258438825653
0.36086875154408127,0.18479198522605933,0.23795368392346194
0.3550770673740825,0.1776189027266693,0.22250788007217134
0.35034136794332676,0.17212923242725128,0.20604213648890868
0.34658868837004325,0.16830292422807958,0.18887742126194684
0.34372171700836185,0.1660687103075362,0.17126319887453284
0.341628588399591,0.16532251431189432,0.15340885435305
0.34019691037453437,0.16594433866962083,0.13548101594367395
0.3393137640534918,0.16779826459137714,0.11760355511237691
0.33886570384625875,0.17073245207001894,0.09985758654492675
0.3387397197043726,0.17458099637517674,0.08228276052045934
0.33884532323760885,0.17919573007264547,0.06489491669748862
0.33911395261715627,0.18443578121898838,0.04768240430127657
0.33948806439179996,0.19016947254071004,0.030625203516351646
0.33992232488334306,0.196279448895492,0.013700261027235372
0.3403836101866064,0.2026626772721927,-0.0031185099815576184
0.34085100616942887,0.20923044679084735,-0.019860229825519618
0.3413158084726672,0.21590836870266808,-0.036557052320149816
0.34177689777754844,0.2226364273963436,-0.05323776395890148
0.34223552096052157,0.22938003611425223,-0.06991071555674828
0.34269903838808913,0.23612926590019778,-0.08658224351196755
0.34316576644029245,0.24288896312464736,-0.1032519322488927
0.34362443083156186,0.2496785361206824,-0.11991215572661167
0.34405416661071647,0.2565319551839974,-0.1365480774389638
0.34442451816096425,0.26349775257290037,-0.1531376504145407
0.3446954391999021,0.27063902250831245,-0.16965161721668615
0.34481729277951556,0.2780334211737684,-0.186053509943496
0.34472854406516223,0.2857590922099413,-0.20229463790558927
0.34432907637558585,0.29389705582064646,-0.21832056168082326
0.34349620611268483,0.30254115056229464,-0.2340723267434456
0.3421032149732611,0.31176046420603676,-0.24946828865763643
0.34001948995083536,0.32159870420016784,-0.2644038406458851
0.33711052333564717,0.33207419767012686,-0.2787514135889904
0.33323791271465497,0.34317989141849675,-0.2923604760260604
0.328259360971536,0.3548833519250044,-0.3050575341545125
0.32203070049703064,0.3671259372457288,-0.316647227309143
0.3144650352420521,0.3797829307031764,-0.3269310313688822
0.30548677350655645,0.3926639195557849,-0.33566441007865755
0.2950681569651426,0.4055423471558306,-0.34261128664578056
0.2832578275744818,0.4181512483521322,-0.3475655130827531
0.2701808275733177,0.430183249490051,-0.3503508702072674
0.25603859948246616,0.44129056841149034,-0.3508210676422063
0.2411046570119915,0.45110004129430176,-0.34887076197409417
0.2257133812029308,0.45929245871767316,-0.3445059497923281
0.21027308860214158,0.46553407906989785,-0.3377862806578098
0.19521226227285804,0.46956584544055857,-0.32886061423078583
0.18097347755447768,0.4712183120170881,-0.3179760851190188
0.16801340206256085,0.4704116440847689,-0.30547810287778665
0.15678545485174156,0.46715737650951494,-0.291796362303689
0.14762079685645385,0.4615745861004829,-0.27735358345074196
0.14080788244034823,0.45386374630813003,-0.26261154700451367
0.13654361349585062,0.44428808644276213,-0.24800680596857835
0.13491987618859452,0.43317372198623116,-0.2339385031966502
0.13592354095742076,0.42090965459193547,-0.22076837139258335
0.13944389331210133,0.40793142938729593,-0.20881186091714551
0.14532052420796093,0.39460031861832506,-0.1982656496529412
0.15333319899874642,0.38126189069199157,-0.18925462585090255
0.1632416319366043,0.36821786017797487,-0.18184219877313448
0.1747914811545996,0.35571606276396567,-0.1760262282348541
0.18771434866671582,0.34395045525566575,-0.17173902460439067
0.20173557265764996,0.33306175281834055,-0.16885578755713918
0.21663417533093146,0.32312585932661186,-0.1672418235101259
0.23222106902992018,0.31415940399151976,-0.16673728670409763
0.24833232651680384,0.30615055769999144,-0.1671839779302531
0.26483118578733084,0.29906077593496666,-0.16842922586902592
0.28160805007081097,0.2928247987753976,-0.17032588709008453
0.2985804878301156,0.28735065089624867,-0.17273234605233215
0.3156923501328744,0.2825227783324985,-0.17551379431758315
0.33290258572526066,0.278237085097684,-0.17856650650275485
0.35018364048781636,0.2743824669404012,-0.18181462065405088
0.36751391314198484,0.27085517090510874,-0.1851943666886475
0.38487590387368054,0.2675649893870162,-0.18865445067432718
0.40225621433328956,0.26443526013208357,-0.19215605482947876
0.4196455476356693,0.2614028662370213,-0.1956728375230972
0.43703870836014846,0.25841823614929055,-0.19919093327478385
0.45443460255052737,0.2554453436671029,-0.2027089527547463
0.47182940490166564,0.25246499331896166,-0.20623031537029937
0.48921924861334354,0.2494928003696873,-0.2097519485366126
0.5066198745299697,0.24656622094473282,-0.2132760667682617
0.5240461821280505,0.24373654704223144,-0.21679330317142587
0.5415115197298611,0.24106891281794904,-0.22028207328212737
0.5590276845034445,0.2386422945852841,-0.22370857506623137
0.5766049224626127,0.2365495108152677,-0.22702678891944622
0.5942519284669447,0.23489722213656378,-0.230178477667323
0.611975846221789,0.23380593133546865,-0.23309318656525596
0.6297786642444169,0.23340549899533417,-0.23568987621635462
0.6476226060706021,0.23379910200792609,-0.2378702304875682
0.6654771168455402,0.23513221704891318,-0.23947472245702595
0.683280042581751,0.23753512694405945,-0.2403412973940978
0.7009244845017736,0.24110522520226918,-0.24031640541272759
0.7182587990381669,0.24590701601558687,-0.239255001471433
0.7350865978335098,0.2519721142591973,-0.2370205453733057
0.7511667477404014,0.2592992454914257,-0.233485001766011
0.7662133708214589,0.26785424595373697,-0.2285288401417885
0.7798958443493209,0.27757006257073685,-0.22204103483745136
0.7918897155863128,0.28830967417777426,-0.2139835643175675
0.8018653005432999,0.2998331370497228,-0.20442047635241803
0.8094831351720793,0.31187105507029284,-0.193444352279301
0.8144730978889435,0.3241117514056522,-0.18123169870637146
0.8166346070971875,0.3362011811555717,-0.16804314052944602
0.815836621187108,0.3477429313534252,-0.15422342093200292
0.8120438101325647,0.3583414294043463,-0.14016864083129363
0.8053526922662743,0.36765162166157433,-0.12629032394524814
0.7959357366239386,0.37533754688989546,-0.11303265234900292
0.7840676144315625,0.38114730973233646,-0.1008075003504566
0.7701260016161433,0.38491465927864377,-0.08999317490071287
0.7545915788056717,0.38655898906528274,-0.08093441559408175
0.7380030624634332,0.3860853515051356,-0.0739178652810792
0.7208261733078069,0.3835883468416159,-0.06909642165557121
0.7035420648673921,0.379225817308945,-0.06656595934693028
0.6865752340669232,0.37319915071714715,-0.0663473878209655
0.670288428525323,0.36575290917145464,-0.06838427779867515
0.6549826465557038,0.3571748290723079,-0.07254286125624673
0.6408859408304789,0.34776497968206904,-0.07863767420073604
0.6281182467954914,0.3377702229431824,-0.08648101132545649
0.6167364086894139,0.32742660884651487,-0.09586206528295671
0.6067471014502909,0.31693588624119345,-0.10657656228653895
0.5981067415178313,0.3064648104522153,-0.11842741339040616
0.5907214868334083,0.2961451432804478,-0.13122471448966203
0.5844548496995661,0.2860749668394275,-0.14478851718726143
0.5791726295254288,0.2763117264937326,-0.15897571686875728
0.5747255658416707,0.26687000891866514,-0.17366924917135898
0.5709711786861575,0.2577495771630823,-0.18876551725496893
0.5677774749523081,0.24893735607088402,-0.20417466194085115
0.5650229483890932,0.24040743228101358,-0.21982056171163133
0.5625965796010358,0.23212105422745669,-0.23564083271129727
0.5603978360482121,0.22402663213924287,-0.2515868287451971
0.5583364414372806,0.21606168839199702,-0.2676223977826379
0.5563455198939409,0.2081811815393019,-0.283709079971292
0.5543989988826226,0.20034528696301518,-0.2998226301407303
0.5524801957479342,0.19252507746559852,-0.3159493628264482
0.5505775070843255,0.18470743341400345,-0.3320826963842752
0.5486844087360877,0.17689504273967113,-0.34822315299037476
0.5467994557973533,0.16910640093853258,-0.3643783586412444
0.5449262826120961,0.16137581107100848,-0.3805630431537157
0.5430736027741312,0.1537533837620092,-0.3967990401649546
0.541255209127115,0.14630503720093532,-0.41311528713246
0.5394899737645453,0.1391124971416767,-0.42954782533406577
0.5378015472297155,0.13227328237433653,-0.44613933829147195
0.5361880709331948,0.12590832664619742,-0.4629155792517214
0.5346207550797861,0.12017578115978134,-0.47992133630839656
0.5330689221286742,0.11524260279931321,-0.4971888275651468
0.5314940682419834,0.11127827789513747,-0.5147140044141981
0.5298498632847788,0.10845482222371813,-0.5324565515363532
0.5280821508250653,0.10694678100763862,-0.5503398869009912
0.5261289481337882,0.10693122891560196,-0.5682511617660686
0.5239204461848332,0.1085877700624307,-0.5860412606781181
0.5213828354491418,0.11208591994986851,-0.6035236897260957
0.5184551732317819,0.1175166135291908,-0.6204408175617698
0.5150703322536705,0.1249621116574149,-0.6364697177319331
0.5111848128940202,0.134428908514952,-0.6512698552057067
0.50678321906642,0.1458349879129976,-0.6644856870290653
0.5018782582188346,0.1590098232935313,-0.6757466623248369
0.49651074043730464,0.17369443475436527,-0.68466742037312
0.4907516604716881,0.18955447965147268,-0.6909232255897813
0.48470716658560964,0.20616532363091825,-0.6942532264251341
0.47850980150519823,0.22304907059892687,-0.6944708048392847
0.47231609202900077,0.23969775793158962,-0.6915159107308811
0.4663065490279811,0.2555733564748662,-0.6854550619371143
0.46067438697508734,0.27013919350818516,-0.6764740752069641
0.45559545039011295,0.282943355100965,-0.6648616005834515
0.4512408402412968,0.29357977452383643,-0.6509972091853317
0.4477530564292741,0.30175280629417855,-0.6353213505436058
0.4452447490548954,0.30728067783746565,-0.61833428987742
0.44379828789939585,0.31009386843354225,-0.6005871742391897
0.44345797483768085,0.3102227192399975,-0.5825714124475038
0.44423460142200505,0.30779138598478095,-0.5647419741455412
0.44611385494931677,0.302983379539652,-0.5474913646238244
0.4490564101468714,0.29603667226904934,-0.5311356696179327
0.4529979291722315,0.2872436980300898,-0.5159145553084997
0.4578585238859924,0.2769199478318494,-0.501991260579879
0.4635601135700122,0.2653439795994737,-0.48943917696970907
0.47001967574389697,0.25278553678212784,-0.4782699042649773
0.47715704777326895,0.2394834368326863,-0.46845271637780045
0.4848950303918123,0.22564524357104349,-0.4599146447312383
0.4931593877012752,0.2114472671841099,-0.4525404782592906
0.5018804451162595,0.19703538958176617,-0.44618354903127566
0.510997352393969,0.18251039729293064,-0.44070401863610786
0.5204509641540668,0.16793328858686205,-0.43595130471795407
0.5301856903835293,0.15335058180099417,-0.4317859986500897
0.5401497530893733,0.13879518319294332,-0.42808167476690884
0.5502951862986558,0.12428638694050835,-0.4247248903639239
0.5605778360584741,0.10982987514167061,-0.42161518569776574
0.5709573604359656,0.09541771781459395,-0.4186650839861835
0.5813972295183077,0.08102837289762477,-0.4158000914080449
0.5918592855869911,0.06664963392890973,-0.41296183093586414
0.6023210217128909,0.05227780811509701,-0.41013297379622266
0.6127819530243444,0.0379007000185389,-0.4073149481136663
0.6232533622691947,0.023518171843950754,-0.40451467384324596
0.6337582970429321,0.009142150541611313,-0.4017445612454695
0.6443315697886933,-0.00520337219263739,-0.39902251088630164
0.6550197577972622,-0.019482339917390082,-0.3963719136371643
0.6658812032070691,-0.033646631445678005,-0.39382165067493646
0.6769860130041915,-0.047636060844969214,-0.3914060934819539
0.6884160590223539,-0.06137837743716906,-0.38916510384600944
0.7002649779429263,-0.07478926579861747,-0.3871440338603533
0.7126288672554387,-0.08776867633818101,-0.3853852888862915
0.725593902155584,-0.10017115182906625,-0.3838901581714935
0.7392700706556206,-0.11182323985328624,-0.38266214438858087
0.7537272294143432,-0.12253715281613334,-0.3816974778895913
0.7689896000154216,-0.13211044690104898,-0.3809823350800824
0.7850357689674001,-0.1403260220696237,-0.380492838419132
0.8017986877036979,-0.1469521220615972,-0.38019505641933776
0.8191656725826091,-0.1517423343948583,-0.3800450036468174
0.8369777650448955,-0.15443905649710232,-0.3799889621522068
0.8549956360630641,-0.15485146488653967,-0.3799678141761854
0.8728924317154528,-0.1528005158454023,-0.3799107629058004
0.8903003521559865,-0.14817174892025745,-0.37975022982025813
0.9068130109521028,-0.1409476037396374,-0.3794262267978979
0.9219854350847536,-0.13120742001403957,-0.3788863561161922
0.9353401678392653,-0.11912721015525075,-0.37808651033465174
0.9464619637708198,-0.10498520271443583,-0.3770021617859884
0.9549485425624948,-0.08916277889080326,-0.375622564171223
0.9604858009161539,-0.07211058606586083,-0.3739577803233839
0.9628779165737534,-0.05434391400157185,-0.3720419591166373
0.9620473483173435,-0.03644269484035419,-0.3699333354662866
0.958033960728931,-0.019017329815594407,-0.3677098228080641
0.9509959920023666,-0.002586928457977991,-0.3654535665936076
0.9411881002634203,0.012352404227862705,-0.36325732582789844
0.9289391105351359,0.025398972553225763,-0.36121335622638984
0.9146513293761003,0.03625196519699396,-0.3594125283385492
0.8987976787693349,0.044711357877534816,-0.35794394778582234
0.8818266695150987,0.05068182243915555,-0.35688165982777376
0.864155509400286,0.05416967251273491,-0.3562842263687898
0.8461655317001159,0.05525029588122714,-0.35619758790325884
0.8281818186581418,0.05406330635798162,-0.35665279778281994
0.8104732014855521,0.05081254378044662,-0.3576660222168029
0.7932446967404833,0.045735035620554296,-0.35924031646294813
0.7766267326525264,0.03906352985931247,-0.3613676028659162
0.7606983649602939,0.031034496524157112,-0.3640302276813897
0.7454910531630324,0.021872335759400462,-0.36720259055640186
0.730989051070971,0.011789350511298702,-0.3708512388237781
0.7171470289949536,0.0009779349776190792,-0.37493821343640743
0.7038898469707754,-0.010403451829477703,-0.3794176512872354
0.691133190594034,-0.022218879134139606,-0.3842405917724265
0.678793745753092,-0.034352704053529,-0.389357640195383
0.6667891986290764,-0.04670957159782325,-0.39471896776674587
0.655038235695881,-0.059214414670212295,-0.40027431160439325
0.6434605437201627,-0.07181245406690227,-0.40597297473344224
0.6319794424492219,-0.08446033494986972,-0.4117630095362573
0.6205485580423016,-0.09712252746530313,-0.41759776082119643
0.6091455268157088,-0.10980088155472453,-0.4234494468637615
0.5977570250201661,-0.12249707051723635,-0.4293052803973188
0.5863785541472246,-0.13521040302270185,-0.4351671720311682
0.5750144409292625,-0.14793782311174483,-0.4410517302505434
0.5636778373394857,-0.16067391019575003,-0.44699026141661163
0.552390720591928,-0.17341087905686273,-0.4530287697664739
0.5411838931414508,-0.18613857984798904,-0.4592279574131648
0.530096982683743,-0.19884449809279567,-0.4656632243456527
0.5191784421553215,-0.21151375468571018,-0.47242466842883973
0.5084855497335306,-0.22412910589192087,-0.4796170854035615
0.4980834307295139,-0.2366678638324978,-0.4873578851893131
0.48802609450545903,-0.24904534398220649,-0.4957649250544175
0.47837016295463614,-0.2611520377809128,-0.5049967821440244
0.46918284762961165,-0.27286139984177593,-0.5151894769237217
0.4605392235405561,-0.28401956189648214,-0.5264410897491909
0.4525222291552442,-0.29444533279524443,-0.5388117608662063
0.44522266639905456,-0.3039301985068026,-0.5523236904106354
0.43873920065496963,-0.3122383221184238,-0.5669611384084402
0.43317836076357685,-0.31910654383590065,-0.5826704247756731
0.4286427000267948,-0.3242720576136521,-0.5993408516042623
0.4252168110702315,-0.32750117430060455,-0.6167410888516015
0.42299188558343187,-0.32853931292873334,-0.6345851028015812
0.42202769837611176,-0.3272081832532681,-0.6525266879365861
0.4223507514221542,-0.32341030319961867,-0.6701578135871071
0.42395427385960943,-0.31712899886337526,-0.6870086239317417
0.4267981050546062,-0.3084287167508132,-0.7025494804400625
0.4307979703271134,-0.2974811422019155,-0.7163051918382464
0.43582539263146736,-0.28456419406848743,-0.7278151932504131
0.4417235395575979,-0.27003089393938196,-0.7366738799803163
0.448307066165269,-0.25431164412439694,-0.7425865007438514
0.45536211498407886,-0.23791422765427517,-0.7453691576690566
0.4626516364913404,-0.22141078471392417,-0.7449499462139691
0.4699685590097815,-0.2053072622654851,-0.7413864504471932
0.4771134935499428,-0.19009771775524392,-0.734843188367049
0.4839161038794454,-0.17621269153163197,-0.7255644051250584
0.49024278793918974,-0.16400046941739468,-0.7138735231843215
0.4959966778433559,-0.1537270827095918,-0.7001731423195172
0.5011180624990839,-0.1455730895201292,-0.6849145628627555
0.505590145539574,-0.13961254732189754,-0.6684855878060613
0.5094276624161962,-0.13584390108923847,-0.651268462598709
0.5126663844382157,-0.13421092278319413,-0.6335995604143796
0.5153629110123474,-0.134602894120454,-0.6157655139528734
0.5175946696427566,-0.13685460657335438,-0.5980032154401089
0.5194507696810287,-0.14076646490107642,-0.580498160848357
0.52101082090905,-0.14614908416318934,-0.5633596981910457
0.5223534738584705,-0.15280379521856333,-0.5466459106637008
0.523547766396467,-0.16054259381967587,-0.5303871606319537
0.5246528817498358,-0.16918868433579834,-0.514586277263182
0.5257181485049918,-0.1785764797529959,-0.49921855652650915
0.5267830406079693,-0.1885516016741276,-0.48423176119280514
0.5278777181028003,-0.19897265511263365,-0.4695504789064422
0.5290173741377749,-0.20972738466394222,-0.455113439372749
0.5301968109728049,-0.22072124406049662,-0.4408574706787364
0.5314093023350754,-0.23187462124166164,-0.42672631183070975
0.5326484090173557,-0.24312396065674785,-0.41267423523396274
0.5339079788779985,-0.25442176326501154,-0.3986660466927768
0.5351821468409401,-0.26573658653565485,-0.3846770854104214
0.536465334895701,-0.2770530444478255,-0.3706932239891542
0.5377522520973851,-0.2883718074906171,-0.3567108684302207
0.5390394198543229,-0.2996992945286918,-0.3427438135120941
0.5403492040352177,-0.31105182040255774,-0.32882616832079914
0.5417316977800039,-0.3224892845010866,-0.31498081447751514
0.5432504807794079,-0.33406436318918087,-0.3012413162440551
0.5449822805390552,-0.3458198592705775,-0.28765337685781023
0.5470169723794709,-0.35778870198784896,-0.27427483853174905
0.5494575794360791,-0.36999394702240285,-0.26117568245441736
0.5524202726592036,-0.38244877649448206,-0.24843802878993843
0.5560343708140673,-0.3951564989631646,-0.23615613667801277
0.5604423404807927,-0.40811054942636404,-0.22443640423391836
0.5657997960544014,-0.42129448932082886,-0.2133973685485105
0.5722531471443302,-0.4346598468370602,-0.2031626161446292
0.5799202058161245,-0.44806330624800517,-0.19386825950815223
0.5889364426682203,-0.4613427886649113,-0.18568002789693366
0.5993778707025075,-0.47430113926571077,-0.1787571956106949
0.6112574708000809,-0.4867039937680922,-0.17325112814945842
0.6245251917212404,-0.498279778429501,-0.1693052822135479
0.6390679501054914,-0.5087197100471392,-0.16705520570358812
0.6547093721598515,-0.5176821591459876,-0.166625601539161
0.6711883306264897,-0.5248747094491895,-0.16806614558919483
0.6881514571938303,-0.5299871334395511,-0.17139129975418504
0.7051974175677125,-0.5327630969393345,-0.17655933509354765
0.7218815249513292,-0.5330355365043122,-0.1834522370236617
0.7377157400452239,-0.5307266594237664,-0.1918757053178679
0.7521703785006363,-0.5258481546259565,-0.20155984096096483
0.7647900248686172,-0.5185205866885642,-0.21220190245141388
0.775165586410218,-0.5089654880481701,-0.22345717396652282
0.7829505493172817,-0.49747392891411074,-0.23496915394927365
0.7879133370490405,-0.48440791722643367,-0.246394280660624
0.7899373103321164,-0.4702003986558979,-0.2574019321795072
0.7890207536160109,-0.45535520146850555,-0.2676744543566667
0.7852598330528608,-0.4403501323702505,-0.27695963646586336
0.7788401835890099,-0.4255887500309527,-0.28509703551743104
0.7700047024043969,-0.4114539948740102,-0.2919686361015834
0.7590321892679966,-0.39826005974649786,-0.29751857573217655
0.746237346537819,-0.3862523899191671,-0.30175314484670923
0.7319697283405071,-0.375607837799778,-0.30474012729131356
0.7165481213200402,-0.3664318716391833,-0.30657649338889925
0.7002409887626774,-0.358748212492301,-0.307385785261971
0.6832902933870171,-0.3525371021732621,-0.3073035896517519
0.6658995576031337,-0.3477442780506063,-0.3064649302239821
0.6482338635125778,-0.34428097304728167,-0.3050042675689188
0.6304198529083761,-0.34202391564064516,-0.3030554992013368
0.6125471044602684,-0.3408204764242004,-0.30074961678606704
0.5946726280289527,-0.34052993759493905,-0.29818716621404995
0.5768213191176408,-0.34100393782857114,-0.29544596441718735
0.5590082602528906,-0.3421012658283998,-0.2925909749050138
0.5412411384827105,-0.3436924140198238,-0.2896734605103182
0.5235202453765603,-0.34565957855033796,-0.2867309833891437
0.5058384770253505,-0.3478966592895325,-0.28378740502078764
0.4881813340414427,-0.35030925982909367,-0.2808528862078018
0.4705304285167615,-0.35281539812464024,-0.27792696209865037
0.4528849829162531,-0.3553611631225192,-0.2750097527953875
0.4352420215377039,-0.3579226075486911,-0.2720897226458751
0.4175989137990764,-0.36049194113278776,-0.2691630964952715
0.399955068750552,-0.3630769198727919,-0.2662362842019641
0.38231193507453076,-0.3657008460350373,-0.2633258806375701
0.3646730010856316,-0.3684025681542084,-0.26045866568693593
0.34704379473069225,-0.37123648103334084,-0.2576716042481376
0.3294318835887693,-0.374272525743821,-0.25501184623248063
0.3118468748711378,-0.3775961896253864,-0.25253672656449994
0.2943128264742833,-0.381290408751145,-0.25031580123850067
0.2768505892533881,-0.3854424264094996,-0.24846588412216408
0.2594744211013179,-0.39015628901095556,-0.2471307419685436
0.24222883328380923,-0.39551315478925736,-0.24645689491539813
0.22518893506054183,-0.4015708784562329,-0.24659348936127035
0.20846043368513323,-0.4083640112017953,-0.2476922979654864
0.19217963440514235,-0.4159038006939415,-0.24990771964815617
0.17651344046206857,-0.4241781910787528,-0.2533967795901732
0.1616593530913518,-0.433151822980395,-0.2583191292332147
0.1478436290966995,-0.4427639798588567,-0.2648318515140884
0.13530880715303756,-0.45287604555912453,-0.27299563987427267
0.12435557921499789,-0.4632928197864795,-0.28284986945592727
0.11527317294842007,-0.473791911350132,-0.2943733544856024
0.10832133700366313,-0.48411775315761096,-0.30745451838115073
0.10373034101560563,-0.49398160221476406,-0.3218913937517277
0.10170097560364563,-0.5030615396257578,-0.33739162239779136
0.10237084782660505,-0.5110356099164429,-0.35358973014579176
0.10575453199504142,-0.5176298721587723,-0.3700627639104339
0.11182294682167367,-0.5225635209817767,-0.3863254317691628
0.12043956653212545,-0.5256346049366045,-0.4018968955657722
0.13135712136981875,-0.5267236813590663,-0.4163030638068341
0.14421759759597397,-0.5257938163696348,-0.4290765916616984
0.15855533103803712,-0.5228904010291899,-0.4397601697416192
0.17391803669206052,-0.5181386163731446,-0.44804339310387836
0.18984083489975845,-0.511737123649582,-0.4537218929699366
0.20586409173125916,-0.5039255766874565,-0.45666172859282034
0.22157295922737785,-0.4949782437209458,-0.4568344033735862
0.23659737539962178,-0.48520400738944786,-0.4543168648613216
0.25061406708086953,-0.4749428463574375,-0.44928812740152735
0.2634002456414544,-0.4644857072663761,-0.44196066207212925
0.2748240230433076,-0.45408608612969675,-0.432587580572796
0.28480990382816207,-0.44396584598443684,-0.42143515349045174
0.29334241016041324,-0.4343026712536628,-0.40876707480797314
0.3004660818271208,-0.4252300677464681,-0.39484446190418626
0.3062843500700187,-0.4168377419415805,-0.37992527623178907
0.31092007657616405,-0.40917593189862145,-0.3642305013883977
0.3145155362723036,-0.40224361614418674,-0.3479280274764649
0.3172187791211112,-0.3960161575507317,-0.3311626417393111
0.3191714243034752,-0.3904533242441426,-0.31405585799546715
0.32050866021849755,-0.3854992896037387,-0.2967059166386804
0.3213592444834935,-0.3810826322622723,-0.2791877846379136
0.32184550393399225,-0.37711633610592843,-0.26155315553734443
0.3220814505335094,-0.3735031380303553,-0.2438328713866938
0.3221477092911614,-0.37016420295114905,-0.22605484574106308
0.3220974364487707,-0.36701728074322115,-0.20823902729245192
0.3219741637381957,-0.36399327041134216,-0.1904005846849697
0.32181212368178175,-0.3610393397354039,-0.17255098452661477
0.3216362495923614,-0.35811892527041933,-0.15469799138927437
0.3214621755732543,-0.3552117323465227,-0.1368456678087247
0.32129623651826694,-0.3523137350689694,-0.11899437428463083
0.32113546811169313,-0.3494371763181361,-0.10114076928054677
0.32096760682831366,-0.3466105677495207,-0.08327780922391545
0.3207800803667663,-0.3438806768643502,-0.06540624732114378
0.32058222854239515,-0.3413300609268545,-0.0475205288409526
0.32038788889493747,-0.3390628495963767,-0.029588522849990494
0.32022287130280597,-0.33719125539364037,-0.01159454554297612
0.32012536619702087,-0.3358354485515545,0.006459573208958222
0.32014594456120987,-0.3351235570152139,0.024554489858266693
0.320347557931608,-0.33519166644189896,0.04265334718098962
0.32080553839705783,-0.3361838202010759,0.06070177427675383
0.32160759859900934,-0.33825201937439653,0.07862788656877245
0.32285374787940985,-0.34155599940877196,0.09634223225041899
0.3246432741648871,-0.3462077832479509,0.11371039594659621
0.3271028482490126,-0.3523078496343482,0.13052867458308004
0.33035443781585316,-0.3599376512244775,0.14656443584723014
0.33449121912611957,-0.3691139389087789,0.16155634895301058
0.3395775770171662,-0.37978876181161925,0.17521438464099004
0.3456491049029913,-0.39184946729129194,0.18721981517834174
0.3527126047742371,-0.4051187009400172,0.19722521435884333
0.36073438510254535,-0.4193545288599721,0.20489487149616611
0.369610319310603,-0.43422810094564873,0.20996560136906497
0.3791968520736224,-0.4493474618043487,0.21218015294667952
0.389299224187726,-0.4642916241403879,0.2113888906039588
0.39967055710129895,-0.4786112278654342,0.20755413686519758
0.41001185291498937,-0.49182854009850774,0.2007501724040366
0.4199963360473684,-0.5034772525382298,0.1911614728168598
0.4293264838990655,-0.5131966278666318,0.17908319568166586
0.4376938268647157,-0.5206527022556969,0.16489459953310123
0.444834239392836,-0.5256199094463104,0.1490327752522207
0.45053099942140823,-0.527985927771524,0.13199200996772512
0.4546147883778827,-0.5277516801565583,0.11432378705595207
0.45697054168988804,-0.5250206470922222,0.09659445983583986
0.4575644568652121,-0.519969289908574,0.07924174820155945
0.45640949604831366,-0.512842810889088,0.06267785627991003
0.45355896479171315,-0.5039154520612358,0.04723536746631769
0.44910705894625463,-0.4934885404700774,0.033161791236515414
0.443188864661106,-0.4818904881782606,0.020619563146543285
0.4359680385884065,-0.4694569697525013,0.009690663941713126
0.42758988248199103,-0.4564494915920069,0.00037989820980675534
0.4182047332361252,-0.44310289467568553,-0.007372100483895153
0.4079532087558927,-0.42961402084931183,-0.013654680216485991
0.39696468763011505,-0.4161395741489849,-0.01858588325800191
0.38535730913135213,-0.40279612080112875,-0.02231244607142182
0.3732379487047416,-0.38966020923171935,-0.025009597900663903
0.3606970496102659,-0.3767779383940739,-0.026848088028334157
0.3478079639193451,-0.36415287934229096,-0.027980564258386045
0.33463692095255615,-0.3517692862747365,-0.028553357912737883
0.3212431760986218,-0.3396053998299593,-0.02869607838699077
0.3076790108144107,-0.3276334470866909,-0.028521613150428584
0.29398973262493727,-0.31581964156384584,-0.028126127746017984
0.2802136751233617,-0.3041241832205212,-0.027589065790408412
0.2663821979709902,-0.2925012584559971,-0.02697314897393209
0.2525235943058402,-0.2809047873320482,-0.026326576026419957
0.23866790896477985,-0.26931897551804934,-0.02567684773863129
0.22481476242219478,-0.257732363143283,-0.025018847385585425
0.21095311896297933,-0.24614699991446834,-0.024344765557231522
0.1970638849244541,-0.234580871217738,-0.02364649024927376
0.1831199086963659,-0.22306789811863814,-0.02291560686317136
0.16908598072088796,-0.21165793736212837,-0.022143398206138566
0.1549188334926196,-0.20041678137258195,-0.021320844491144658
0.14056714155858646,-0.18942615825378545,-0.020438623336913937
0.12597152151824062,-0.17878373178893917,-0.019487109767925746
0.11106453202346023,-0.16860310144065677,-0.018456376214414448
0.09577388245549653,-0.15901317198529794,-0.01733870937415883
0.08005370114703453,-0.15016261793997626,-0.016171411516421222
0.06384535439282955,-0.14223663259082134,-0.015010799508080572
0.04712393127821816,-0.13542566435784006,-0.01391855711009986
0.029912017499102037,-0.12992001991428137,-0.012967058098163863
0.012279695361948048,-0.12590986418663636,-0.01223936626267916
-0.0056554562162118155,-0.12358522035463813,-0.011829235408774131
-0.02372836170778045,-0.12313596985126199,-0.011841109356298965
-0.041726832605487,-0.12474413838239018,-0.01238690009675593
-0.0593720805213122,-0.12851206960994727,-0.013560431185099375
-0.0763078700986014,-0.13452169883086526,-0.015462430929888443
-0.09215533725166347,-0.14277685401440302,-0.018165109773194972
-0.10651892722831365,-0.1531855749344374,-0.02170372008412505
-0.11898639460987347,-0.1655601131694633,-0.026076556158819035
-0.12913281352654674,-0.1796180669699949,-0.03124477595591721
-0.1366232512513271,-0.19500225582065983,-0.03712487762214589
-0.14115736623686617,-0.21126428489531074,-0.04359133737072003
-0.1425271998878537,-0.22791735947752742,-0.05048632573797224
-0.14065729257654605,-0.2444525629976504,-0.05761955979819099
-0.1356046836427663,-0.2603388570327808,-0.06476830316362073
-0.12755740863184672,-0.27502709392446334,-0.07167926750159948
-0.11679382293549052,-0.2880768435988056,-0.07812779572708149
-0.10368410508146966,-0.2991260748736263,-0.08390508602980835
-0.0886491654941579,-0.3078924774097258,-0.08882462144694003
-0.07214370225081437,-0.3142055988020082,-0.0927380904110105
-0.05465620108158367,-0.3180068445794813,-0.0955353867499276
-0.036684814511951255,-0.31933971252155247,-0.09714495261344132
-0.0186288370751973,-0.31831781029077716,-0.09753970610719905
-0.0008449034435459926,-0.31512380540529644,-0.09672697725775516
0.01637779355370078,-0.3099692752578458,-0.09473745310295205
0.03282154267799481,-0.30309217630462654,-0.09162489822382623
0.048340114281541446,-0.294756844065306,-0.08746615474460828
0.06285468120723735,-0.28524147721209553,-0.08235595890041461
0.07634712305886676,-0.27477390669766516,-0.07638241999308042
0.08885351320907883,-0.2635625502634823,-0.06963806046917823
0.10043316913852512,-0.25179008091920624,-0.062213420012254717
0.11116699962705782,-0.23961132676398122,-0.05419605554520812
0.12115750475372965,-0.22715327098643673,-0.045670541230288186
0.13052877587103393,-0.21451505188436196,-0.03671846845359673
0.13940694284940353,-0.2017742348767128,-0.027412102051167835
0.14789912836877972,-0.18897522671560443,-0.01782286064779286
0.15610570549515426,-0.17614274946619318,-0.008021094770205146
0.16411198876009397,-0.16329635682456073,0.0019330718235223837
0.17198823416074077,-0.15045043411771394,0.01198974214397723
0.17978963915981144,-0.137614198303585,0.022109245970407344
0.187556342685598,-0.12479169797103126,0.03226213985072109
0.19531342513196742,-0.11198181333983535,0.04242920710148724
0.2030709083583616,-0.09917825626070513,0.05260145780793509
0.21082371985903745,-0.08636981901093121,0.0627799698895729
0.21854810312515754,-0.0735725713831745,0.07296848532441025
0.22621368938155212,-0.060805212924312374,0.08322216609606545
0.23379065727117676,-0.0480856684673948,0.09361940860895235
0.2412471220636321,-0.03545215372212794,0.10424001749955998
0.24854913565516074,-0.022963175274879247,0.11516520563644833
0.25566068656864793,-0.010697530588676105,0.12647759412024953
0.26254369995362165,0.0012456919967939878,0.13826121228366764
0.2691580375862527,0.012747113265183657,0.15060149769147899
0.27546149786935425,0.023667063123485474,0.1635852961405317
0.2814098158323827,0.03384558060203202,0.17730086165974623
0.2869588946375257,0.04310402726697177,0.19182948051941703
0.292084866645587,0.05123619110762054,0.20716711953724432
0.2967574450745481,0.057986238827020364,0.22329486612386362
0.30094412839812595,0.06310781248295352,0.2401410611920805
0.30461407912181837,0.06637194363453239,0.25756565595848546
0.30773812378290405,0.06756705334219937,0.275360211943454
0.31028875295044256,0.06649895216772692,0.29324790097114645
0.31224117367088033,0.06299823505880346,0.31088788949357665
0.31358537599984276,0.057003601472242,0.3279024733117968
0.3143168842531152,0.048499828755097216,0.34383277093124326
0.3144432094891561,0.037570375494604485,0.35822453596673787
0.31398667473806624,0.024417849213408054,0.3706459769168069
0.3129844150015885,0.009364006369561015,0.3806877571636813
0.3114882513949741,-0.00715163935819409,0.3879648365954748
0.30955908073881067,-0.02464366601404218,0.39222267546776807
0.3072691511753107,-0.04255976101373489,0.39330104117612436
0.3046934715039757,-0.06033165112443411,0.3911328165705309
0.30190557475762125,-0.07741472620607279,0.38578627826200157
0.29897751820237745,-0.09328803921135484,0.3774650966225772
0.2959798833376883,-0.10745430618575522,0.3665083357853253
0.2929713884386414,-0.11951215711892776,0.353323349989416
0.28998952740395817,-0.12921954377163467,0.33832310275369215
0.28706257786387807,-0.13640186954036837,0.32196036895769675
0.2842038276801742,-0.14098973239568788,0.30467520628510814
0.2814115608835048,-0.14301902162360886,0.28689485626861744
0.2786724116841898,-0.14260516813310514,0.26900486277674707
0.2759648721362043,-0.13991419083926301,0.2513104616603073
0.2732617473372524,-0.13515198541649595,0.23405926803942403
0.27053322177364353,-0.12854420110175976,0.21743243667667533
0.2677468617691044,-0.12033622827485667,0.20154467977833798
0.2648710564816943,-0.11077486448638314,0.18645637513387409
0.26188024387220393,-0.1000816880590436,0.1721680801080828
0.2587547137520474,-0.08846071572785968,0.15864411911302637
0.25548172596460406,-0.07609410529547067,0.14583063294282694
0.25205551038521873,-0.06314215563213235,0.1336555787736654
0.24847726692120248,-0.04974330667572209,0.12202873016378624
0.24475515319282723,-0.0360141444776548,0.11084169550249781
0.24089893141968355,-0.022051018295868505,0.09998913022518192
0.23693530865571233,-0.007924254006632575,0.0893859079975843
0.2328964021637528,0.006312058479526525,0.07895416233146085
0.22880787100888855,0.02061425285287736,0.0686307280423869
0.22468891605844732,0.034949086404483534,0.05836714124975706
0.2205522799820012,0.049293740026203764,0.048129639376785355
0.21640424725136648,0.06363581821069172,0.03789916115050512
0.21224464414060373,0.07797334905139622,0.02767134660176908
0.20806683872601783,0.09231478424256105,0.01745653706524926
0.2038579260354194,0.10667669991874609,0.007280268425252561
0.1995846212385417,0.12105525401542355,-0.0028121761122384733
0.1951667022106751,0.1354773035524755,-0.012774943001039717
0.19051066751574453,0.14996515430908383,-0.022558267911317702
0.18551570343259557,0.1645210038656418,-0.03210525791607848
0.18007368395499468,0.17912694160375392,-0.041351891491167636
0.17406917079162898,0.193744948706236,-0.05022701851527022
0.1673794133661065,0.20831689815711515,-0.05865236026991086
0.159874348816956,0.22276455474162993,-0.06654250943945364
0.15141660199762697,0.23698957504622992,-0.07380493011110223
0.1418617255169882,0.2508734842928644,-0.08034005048668727
0.1311207493897412,0.2642546408640544,-0.08606286965796581
0.1191245876432923,0.27689544695933704,-0.09087993610230567
0.1058296799227324,0.2885385591930676,-0.09469389271419643
0.09126772850147495,0.2989163659278856,-0.09742404936173851
0.07554569828125599,0.3077509872747145,-0.09900638288664336
0.05884581679213417,0.3147542750927619,-0.09939353710423329
0.0414255741924907,0.31962781298951937,-0.0985548228034416
0.023608977114619532,0.32210177910699894,-0.09648787503769389
0.005795167796621349,0.3220051773325683,-0.09324696439361756
-0.01154892239107836,0.3191891255959567,-0.08891143183797383
-0.027947056177890506,0.3136203438006496,-0.08360187706714908
-0.04291556508494257,0.3053859173279224,-0.07748133739437639
-0.055963349425078454,0.2946932970368402,-0.0707552877497355
-0.06662759088746227,0.2818580648074077,-0.06365829328440788
-0.07458734687922253,0.2672703314992481,-0.05641409910309193
-0.07956705354673503,0.2513985993311721,-0.04926072254702228
-0.08141423997555579,0.234737438597149,-0.04241111580298842
-0.0801068453472923,0.21780430976651516,-0.03605015622767793
-0.07575321893960345,0.20113956348397388,-0.030334646347676485
-0.06857286796450794,0.18526989741934394,-0.025385950368391957
-0.05883430593945465,0.17057907184768517,-0.021262238402898995
-0.046872369259305845,0.15740461501128913,-0.017986857737314968
-0.03303910767763479,0.14599728385101698,-0.015547633481557029
-0.01770063640813352,0.13651627064039545,-0.013896071453667069
-0.0012368590556767057,0.1290294015827501,-0.01294751294298902
0.01600815483848707,0.12353429349037026,-0.012603024024497589
0.03375977584015186,0.11995886661186939,-0.01275852722321865
0.05178142915547898,0.11818947927910506,-0.013307586679609028
0.06988358059235947,0.11808828326006159,-0.014150822656926836
0.08792373656041395,0.11949322375884999,-0.015195911541231484
0.10580644407099278,0.12221803941570797,-0.016357585841383675
0.12347935513761732,0.12606208793876134,-0.017560267762974088
0.14092185006628744,0.1308523981288945,-0.018753565115161717
0.15814183694805728,0.13641947739986088,-0.01990243739731859
0.17515651016066974,0.14260796389339414,-0.02098291444704183
0.19199127486708334,0.14927824424110786,-0.02198230237572757
0.20867974701547237,0.15630645356449574,-0.022899183568570975
0.22526375333922674,0.16358447547493152,-0.023743416684566233
0.24178469512349415,0.17101914202441515,-0.02452872827222929
0.2582662914990245,0.17854501557196611,-0.025275473808095736
0.2747271292451204,0.18611976940258645,-0.026007498426781354
0.2911795048116588,0.19371528973340477,-0.02673769257998296
0.307629400559486,0.20131765486765257,-0.027467945049148748
0.32407648476041756,0.20892713519466444,-0.02818914294547826
0.34051411159723805,0.2165581931898779,-0.028881171709922403
0.35692932116370113,0.22423948341483363,-0.02951291511318346
0.37330283946452975,0.2320138525171752,-0.030042255255715057
0.3896082564483383,0.2399369623315021,-0.030416273553673455
0.40580297481232164,0.24804985128795493,-0.030560075287236938
0.4218650113151352,0.2564162189918964,-0.030349025030833764
0.43776407803919604,0.265093075250818,-0.029646580363319863
0.4534495856903197,0.2741145762505223,-0.028312407530021736
0.46885064359772,0.2834920245551237,-0.02620238144273644
0.4838760597140095,0.2932138691070476,-0.023168585679731592
0.498414340615199,0.30324570522703126,-0.019059312485745376
0.5123336915006979,0.31353027461412303,-0.013719062771986534
0.5254820161933139,0.3239874653456829,-0.006988546116134361
0.5376864824899891,0.33450779549247195,0.0012844286209995432
